{
  "title": "FooBar Gallery",
  "subtitle": "Some photos that might be worth a few words",
  "images": [
    {
      "thumb": "images/thumb_1.jpg",
      "large": "images/large_1.jpg",
    },
    {
      "thumb": "images/thumb_2.jpg",
      "large": "images/large_2.jpg",
    },
    {
      "thumb": "images/thumb_3.jpg",
      "large": "images/large_3.jpg",
    },
    {
      "thumb": "images/thumb_4.jpg",
      "large": "images/large_4.jpg",
    },
    {
      "thumb": "images/thumb_5.jpg",
      "large": "images/large_5.jpg",
    }
  ]
}